message_size,modeled_latency
64,0.051000000000000004
128,0.052000000000000005
256,0.054000000000000006
512,0.058
1024,0.066
